№;Стенд;Название;Бренд;Категории;Краткое описание
1;A01;FLEXPOCKET;FLEXPOCKET;;FLEXPOCKET - российский производитель аксессуаров и сувениров из экокожи, фетра, нейлона, ТПУ и их комбинаций.
2;A02;Трисар;TriSar;;Компания «ТриСар» уже много лет производит трикотажную продукцию и является в этой области признанным специалистом.
3;A03;Caspi Group;;;Производство ежедневников и деловой кожгалантереи.
4;A04;Вива Гифтс;;;
5;A08;ТехноПринт;;;
6;A09;"Агентство брендинга ""Штрих""";Villeroy&Boсh, Умный дом Яндекс, ИФЗ, Дулево, Гжель, Portobello, Xindao;"Новый год и другие праздники; Полиграфия и упаковка; Корпоративный мерч";Агентство брендинга Штрих. Делаем бренды осязаемыми - нестандартный мерч, полиграфия, брендинг полного цикла с 1996 г.
7;A11;INCRUA;"""Мордовская ювелирная елочная игрушка"", ""Мордовский мореный дуб""";"Деловые и VIP подарки; Новый год и другие праздники; Оформление и предметы интерьера, декор";Российский бренд коллекционных подарков.
8;A12;Бинтекс;Мы представляем бренд Бинтекс, который специализируется на качественной трикотажной продукции;"Одежда и аксессуары; Промотекстиль; Корпоративный мерч";Бинтекс — поставщик качественного бланкового трикотажа из Узбекистана: футболки, лонгсливы, детские футболки и пошив на заказ.
9;A14;Линк Принт;;;
10;A14;Спружык;Спружык / Sproogeek;;Спружык — ежедневник человека! Современный, ответственный, экологичный — всегда под рукой для закрепления ваших мыслей, целей, планов, побед и рутины!
11;A14;Oasis;;;
12;A15;Фабрика 101;;;Производство корпоративного мерча для крупного бизнеса, fashion индустрии и госсектора
13;A20;Принтекс;;;Компания ПРИНТЕКС является ведущим поставщиком оборудования для печати по текстилю на Российском рынке. Оборудование для Шелкографии и DTF
14;A21;Tavolga-Ceramics;Tavolga ceramics;;Tavolga ceramics —  это бренд фарфоровой елочной игрушки с Байкала. Производство работает 14 лет.  Работаем с корпоративными и оптовыми партнерами.
15;A23;Darsy box;Darsy Box;;Авторские подарочные наборы для Вашего бизнеса. В мире однообразных бизнес-сувениров мы делаем ставку на индивидуальность.
16;A24;Всё.ру;Всемайки, Vse.ru;"Деловые и VIP подарки; Одежда и аксессуары; Корпоративный мерч";VSE.RU - B2B-платформа для создания корпоративного мерча и сувениров с нанесением логотипа, от единичных заказов до крупных тиражей.
17;A27;Around gifts;;;Рекламное агентство, эксклюзивные корпоративные подарки под ключ, сувенирная продукция с логотипом Вашего бренда.
18;A30;Дунгуань Хэппи Гифт Ко., Лтд.;Happy Gift;"Деловые и VIP подарки; Наградная продукция; Промосувениры";Dongguan Happy Gift Co., Ltd. является дочерней компанией опытной группы компаний с 42-летним опытом работы в области металлообработки и вышивки
19;A31;"""ГОСТИНЕЦ С ИСТОРИЕЙ""";"""ГОСТИНЕЦ С ИСТОРИЕЙ""";"Деловые и VIP подарки; Новый год и другие праздники; Корпоративный мерч";Авторские корпоративные подарки с опорой на культурное наследие и традиции России. Полный цикл. От брифа до доставки в любую точку мира.
20;A31;ИП Ежова Ирина Валерьевна;Parma Home Textile;;Parma Home Textile — это мастерская из Перми, где с любовью и вниманием к деталям создаётся столовый и кухонный текстиль с авторской вышивкой.
21;A31;ИП Зайцев Роман Александрович;NashLosь;;"Фабрика «NashLosь» специализируется на создании мерча среднего и премиум качества, наш мерч  будут носить, а не отправят ""на дачу""."
22;A31;ИП Иванов Андрей Юрьевич;Grain - капсульные наборы;;Мы создаём именные капсульные наборы и аксессуары из натуральной кожи, тщательно отбирая материалы и продумывая каждую деталь.
23;A31;ИП Пьянков;;;
24;A31;ИП Семянников Дмитрий Александрович;Лесовушка;;Оригинальные экоподарки с ароматом леса. Для клиентов, сотрудников и партнёров, которые ценят натуральность и эмоции.
25;A31;КРАСНОКАМСКАЯ ФАБРИКА ДЕРЕВЯННОЙ ИГРУШКИ;Краснокамская игрушка;"Игрушки и хобби; Оформление и предметы интерьера, декор; Корпоративный мерч";"ООО ""Краснокамская фабрика деревянной игрушки"" - российский производитель детских деревянных развивающих игрушек, сувениров и брендированных изделий."
26;A31;М-BOX;Работаем с брендами и компаниями из различных отраслей, создавая упаковку под их задачи.;Полиграфия и упаковка;Упаковка — первый контакт клиента с Вашим брендом. Сделаем так, чтобы он запомнился.
27;A31;ООО Дух Тайги;ДУХ ТАЙГИ;;Создаем эксклюзивные ароматные банные шапки и коврики с наполнителем из пихтовой хвои. Производим эфирные масла.
28;A31;"Швейное производство ""Фабрика Брендов""";Фабрика Брендов;"Одежда и аксессуары; Промотекстиль; Корпоративный мерч";Стилизованный мерч и подарки для бизнеса
29;A32;ООО РИК;Плоттеры с автоподачей Yitu, рулонные ламинаторы Senwei, UV рулонные принтеры Focus и LomoPrint;"Полиграфия и упаковка; Технологии печати и нанесения; Корпоративный мерч";Наша компания представит на выставке рулонные принтеры для этикеток, а так же плоттеры, ламинаторы и другое послепечатное оборудование.
30;A35;My Hygge Box;My Hygge Box, My Hygge Place;;My Hygge Box - это экосистема корпоративных эстетичных подарочных наборов и творческих арт-мероприятий.
31;A37;VIO CHOCO;VioChoco;;Дом Шоколада «ВИОШОКО» является первой специализированной компанией по производству гастрономических подарков в фирменном стиле заказчиков.
32;A40;SHOWCASE;;;Производим мерч на заказ: одежда, аксессуары, подарки. Для бизнеса, ивентов, индустрии развлечений.  Собственный пошив, нанесения, современные лекала.
33;A41;МЕЗА;МЕЗА;;Компания МЕЗА -  мы производим классные ежедневники, папки, представительскую продукцию, корпоративные подарки. И аксессуары из натурально кожи.
34;A44;КопиркаГифтс;;"Деловые и VIP подарки; Промосувениры; Корпоративный мерч";Мерч и подарки с логотипом для HR, маркетинга и продаж: 350+ точек выдачи в Москве, своя дизайн-студия и личный менеджер.
35;A46;Ассоциация МАПП (Международная Ассоциация Презентационной Продукции);;;
36;A47;Гем Тэк;;"Деловые и VIP подарки; Наградная продукция; Корпоративный мерч";GemTech — производственная компания, специализирующаяся на корпоративных сувенирах, подарках и аксессуарах из металлов.
37;A50;Эйфорд;Растущий карандаш, Экокуб, Живая бумага, Растущая открытка;"Игрушки и хобби; Новый год и другие праздники; Промосувениры";Уже более 10 лет мы производим растущие подарки: Растущий карандаш, Живая бумага, Экокуб, часы со мхом
38;A52;Русские самоцветы;"Императорский ювелирный дом ""Русские самоцветы""";"Деловые и VIP подарки; Наградная продукция; НХП (Народные художественные промыслы)";"Создавайте эксклюзивные сувениры и корпоративные подарки с ювелирным домом ""Русские самоцветы"""
39;B03;КАОРИСТОР / BY CAORY;КАОРИ СТОР / BY KAORI;;BY KAORI - бренд, в коллекции которого 33 глубоких, нишевых аромата. Композиции представлены в формате ароматов для дома и косметики для тела и волос
40;B03;By Kaori;BY KAORI;"Ароматы и аромамаркетинг; Деловые и VIP подарки; Косметика и парфюмерия";BY KAORI - это полноценная экосистема нишевого ароматного и уходового продукта для дома и бизнеса.
41;B04;Кожевня.ру;Кожевня;;Серийное производство изделий из натуральной кожи
42;B05;CREAZAVR;FlakeNote;;ФлейкНот - это 3д блок для записей с отрывными листами. В процессе использования появляется объемная надпись / фигура.  Производство на заказ в Москве
43;B09;Mozabrick;Mozabrick, RingString, QBRIX;"Игрушки и хобби; Новый год и другие праздники; Оформление и предметы интерьера, декор";Производство детских товаров и хобби. Наборы для создания картин из любых фото или изображений с помощью конструктора / нити / страз / красок
44;B10;inCentr;;"Новый год и другие праздники; Промосувениры; Корпоративный мерч";inCentr — рекламно-производственное агентство, эксперт в создании мерча и корпоративной продукции с логотипом.
45;B11;Boom Gift;BoomGift;;Производство изделий из натуральной кожи
46;B12;ЯРДЕКОЛЬ;ЯрДеколь;;Полный цикл производства корпоративных подарков и брендированных сувениров. Наградная и спортивная атрибутика.
47;B13;Италиони;;;Италиони – интернет-магазин премиальных продуктов, подарочных и корпоративных наборов с индивидуальным подходом с доставкой по России.
48;B15;Коспарфам;SOLIFLORE;"Ароматы и аромамаркетинг; Гастрономические подарки; Косметика и парфюмерия";Soliflore – бренд арома декора. В коллекции бренда 20  современных ароматов для дома, созданных творцами парфюмерного дома Takasago и Sozio.
49;B17;Мир Полиграфии;;"Деловые и VIP подарки; Промосувениры; Корпоративный мерч";Рекламно-производственная компания - изготовление печатной и сувенирной продукции с логотипом, наружная реклама, печать и вышивка на текстиле
50;B18;Vivere;Vivere Gifts;;Производство корпоративных елочных шаров с ручной росписи от профессиональных художников.
51;B20;Blankblank;собственный бренд blankblank;;Blank Blank — новый уровень бланкового текстиля
52;B21;BS Group;;"Промосувениры; Технологии печати и нанесения; Корпоративный мерч";"Компания ""BS Group” (Braslet Service) - производим и продаем мерч и сувенирную продукцию с 2013 года. Сделаем для вашей компании продукцию с логотипом"
53;B22;STARK-COTTON;;;
54;B24;NAKED SOUL;;;
55;B25;Promo Workshop;;;Мы изготавливаем и производим оригинальную сувенирную продукцию.
56;B31;Candles Planet;Candles Planet;"Ароматы и аромамаркетинг; Деловые и VIP подарки; Новый год и другие праздники";Премиальные свечи и аромадиффузоры с кастомными ароматами и упаковкой — для ярких, запоминающихся корпоративных подарков.
57;B40;Дикоросы большой страны;;;Подарочные кастомизированные наборы с уникальными продуктами собственного производства из дикорострущих ягод, трав и грибов, собранных в лесах России.
58;B41;Мастерская Лады Быстрицкой;;;
59;B47;Litek;Никелевые наклейки;;Компания Litek - ведущий производитель никелевых наклеек в России. Продукция для брендирования, декорирования и персонализации.
60;B48;Все Призы;Orbit awards, Iceberg awards;;Изготовление наградных статуэток, кубков, плакеток, медалей из стекла, акрила, дерева, металла на заказ по индивидуальным макетам заказчика.
61;B50;Мастерская Рекламы;Portobello;;Дизайн-студия и типография
62;B51;"Мануфактура ""Московская игрушка";"Мануфактура ""Московская игрушка""";"Деловые и VIP подарки; Новый год и другие праздники; Корпоративный мерч";Мануфактура «Московская игрушка» - это уникальный социальный проект.
63;C01;ЦМИК, цифровая типография;.ЦМИК.;;Типография ЦМИК специализируется на цифровой печати с самыми современными технологиями отделки. Мы приготовили для Вас лучшие образцы своей продукции!
64;C02;"Часовое производство ""Русское время""";"""Русское время"", ""Шарм"", ""Штурм"", ""Президент""";;"Часовое производство ""Русское время"" – Российская компания по производству часов. Основные бренды компании: Шарм, Штурм, Президент, Русское время."
65;C03;Узкоттон;;"Деловые и VIP подарки; Промотекстиль; Корпоративный мерч";UzCotton - ведущий производитель бланковой одежды для B2B-клиентов. А также один из крупнейших российских печатных и вышивальных производств.
66;C04;Avrora Fashion;Avrora Fashion;"Одежда и аксессуары; Промотекстиль; Корпоративный мерч";AVRORA FASHION - мы шьем необычный мерч для компаний и корпораций
67;C07;365 +;*  Grimm Brothers school                            *   TON BU-TON                   *  BU-TON SACHE;"Деловые и VIP подарки; Игрушки и хобби; Новый год и другие праздники";15 лет создаем эксклюзивные корпоративные подарки, работая в творческом союзе с каждым Заказчиком. Собственные разработки, патенты, склад в Москве.
68;C09;Норгис пресс;Норгис Пресс, Мангата, Planova;;Производство ежедневников по макетам заказчика, изготовление планингов, блокнотов и других канцелярских изделий.
69;C10;ЮКЭН;;;ЮКЭН - поставщик вашего спокойствия в сувенирной отрасли.
70;C11;Промофабрик;;;
71;C12;Pink Bus Merch;;"Одежда и аксессуары; Технологии печати и нанесения; Корпоративный мерч";Мы создаём корпоративный мерч под ключ: от идеи и дизайна до готовой партии брендированной одежды и аксессуаров.
72;C13;Кедр Плюс;;;
73;C15a;Образ Мысли;;"Одежда и аксессуары; Промосувениры; Корпоративный мерч";Фабрика полного цикла в Москве. Мерч, спортивная экипировка, промо-текстиль, сувениры, награды и полиграфия. Производство более 2000 м².
74;C15;Nastoyevsky;Nastoyevsky;"Гастрономические подарки; Деловые и VIP подарки; Новый год и другие праздники";Nastoyevsky — это необычный, стильный и оригинальный подарок человеку, который ценит новый опыт и уникальные вкусы!
75;C17;Ningdo Dactoys;;;
76;C22;АСТАРТА, издательская группа;корпоративный бренд Астарта, розничный проект Дон-кварто.;;Издательская группа Астарта ― один из ведущих производителей календарей и представительской полиграфической продукции.
77;C29;Статус Сувенир;;;Дизайн и производство: значки, медали, брелки, призы из стекла и металла, упаковка, папки и удостоверения, календари. Брендирование сувениров.
78;C30;Аромамастерская «Тепло»;;"Ароматы и аромамаркетинг; Косметика и парфюмерия; Корпоративный мерч";Аромапродукция из экологичных и натуральных материалов созданная с теплотой и любовью! Качество,  безопасность и красивая эстетичная упаковка!
79;C30;ИП Бирюк М.В.;;;
80;C30;ИП Тихонова;;"Ароматы и аромамаркетинг; Деловые и VIP подарки; Новый год и другие праздники";Два в кубе - это мастерская полного цикла по созданию сувениров из дерева от деревянной заготовки до брендированного подарочного набора под Ваши цели
81;C30;Мастерская «Дом над рекой»;Мастерская «Дом над рекой»;"Игрушки и хобби; Новый год и другие праздники; НХП (Народные художественные промыслы)";«Дом над рекой» - уникальные изделия ручной работы от мастеров русского Севера - под заказ для вашего бизнеса.
82;C30;Русская кукольная мануфактура Черепанова и партнеры;"Русская кукольная мануфактура ""Черепанова и партнеры""";"Новый год и другие праздники; НХП (Народные художественные промыслы)";Волшебно красивые елочные игрушки и куклы из ваты для удивительного корпоративного подарка. Ручная работа. Профессиональные мастера. Четкие сроки.
83;C30;Северная мануфактура;;;
84;C30;KIRWOOD;KIRWOOD;"Деловые и VIP подарки; Новый год и другие праздники; Офис и канцелярия";Авторская мастерская Кирилла Телятьева. Создаю уникальные пишущие ручки ручной работы из дерева, металла и карбона для подарка и личного использования
85;C36;Декос;;;
86;C40;МерчТех;MERCH TECH;"Полиграфия и упаковка; Технологии печати и нанесения; Корпоративный мерч";MERCH TECH - оборудование для создания мерча и сувенирной продукции
87;C42;Элегант Голд;;"Деловые и VIP подарки; Наградная продукция; Корпоративный мерч";Elegant Gold создаёт корпоративные значки, награды и подарки, превращая ценности, достижения и историю компании в памятные символы.
88;C48;Pumms;;"Одежда и аксессуары; Промосувениры; Корпоративный мерч";PUMMS — место, где бренд превращается в вещь, которую хочется взять в руки. Мерч, сувениры и подарки, которые усиливают впечатление о компании.
89;C50;Аэрополиграфия;;"Деловые и VIP подарки; Полиграфия и упаковка; Промосувениры";Пакеты с лого бумажные, ПВД, крафт и др. Свое производство с 1994 г. Мерч, бизнес-сувениры 70 тыс. артикулов, свое нанесение логотипа, поставки Китай
90;C51;"""ВИННЕР""";Корпоративные подарки;"Гастрономические подарки; Деловые и VIP подарки; Новый год и другие праздники";"Компания ""Виннер"" - дистрибьютор напитков и создание корпоративных подарков под ваши задачи."
91;C55;Мидоушен;;;
92;C57;Нью-Тон;Mid Ocean Brands, Voyager, Royal, Promotion Tops, Easy Gifts, Macma, Makito, Fare;;Cамый большой webshop с сувенирной продукцией из Европы. Доставим деловые подарки и мерч  за 15 дней.
93;D01;Тру Чоко;True Choco, Тру Чоко;"Гастрономические подарки; Деловые и VIP подарки; Новый год и другие праздники";True Choco создает эксклюзивные шоколадные конфеты ручной работы, сочетая натуральные ингредиенты, качество и изысканный дизайн.
94;D03;Lintu;;;
95;D06;Медиа-группа Publish;Publish;;Медиа-группа Publish - мы пишем про бизнес в полиграфии.
96;D07;Живые Подарки;Live Gifts;"Гастрономические подарки; Деловые и VIP подарки; Полиграфия и упаковка";Создаем подарочные наборы, где изысканная посуда встречается с целебной силой суперфудов. Производство подарочной упаковки.
97;D08;Ви энд Ви медиа;;"Промотекстиль; Технологии печати и нанесения; Корпоративный мерч";
98;D09;Типография Роликс;АРТ ДАЙРИ;;
99;D10;Mociworld;;;
100;D11;ЭКО Финпласт XXI;;;"Компания ""ЭКО Финпласт""  Российский производитель ежедневников,еженедельников, бизнес блокнотов и деловой галантереи  на рынке B2B."
101;D13;Teville;;"Гастрономические подарки; Деловые и VIP подарки; Новый год и другие праздники";Производство шоколадной продукции
102;D15;"Эко-фабрика ""Сибирский кедр""";;;
103;D16;Политех;;"Полиграфия и упаковка; Корпоративный мерч";Ваши идеи — в жизнь! Главный козырь: создаем уникальные корпоративные подарки «под ключ» — от концепции до воплощения на собственном производстве.
104;D17;МР Трейдинг;;;
105;D18;Гифт Платц;GiftPlatz;;GiftPlatz занимается разработкой и производством оригинальных подарков.В основе каждого подарка GiftPlatz – вкус и в первую очередь это вкуc шоколада.
106;D20;Фабрика ВЯЗОФФ;Фабрика ВЯЗОФФ;;Вяжем мерч. Шапки, шарфы, снуды, пледы - базовые однотонные и с логотипами и рисунками.
107;D21;РПЦ Возрождение;;;The embodiment of any design ideas.
108;D22;AREA|HOME;AREA|HOME;;AREA|HOME - производитель аромапродукции. Предлагаем готовые ароматические решения бизнес-подарков.
109;D24a;Промо семена.рф;;"Новый год и другие праздники; Промосувениры; Корпоративный мерч";Производство промо/подарков на основе семян с вашим лого по цене клика. Успешный опыт поставок крупных проектов: 80+ регионов, 10+ млн единиц.
110;D24;Ledenec Brand;;"Гастрономические подарки; Промосувениры";Производство брендированных и фигурных леденцов на палочке
111;D25;Пикью;;"Деловые и VIP подарки; Офис и канцелярия";ПИКЬЮ поставщик корпоративной канцелярии и сувениров. Вы можете приобрести у нас как отдельные товары, так и комплексное решение по мероприятию.
112;D26;МехОретекс;МехОреткс;;ООО «Мех ОРЕТЕКС» — ведущий в России производитель искусственного меха и швейной продукции с 30-летним опытом!
113;D29;Дддятел;Дддятел;;Компания ДДДятел - бренд-производитель уникальных корпоративных сувениров из дерева
114;D29;Эйбери;Eibery;"Полиграфия и упаковка; Промосувениры; Корпоративный мерч";Производим 3д стикеры и стикерпаки со смолой на телефон, которые приводят новых клиентов в Ваш бизнес
115;D29;WINTA;ХК Локомотив, ХК Ак Барс, ФК Рубин, ХК Трактор, ФК Динамо, ФК Спартак, ФК Факел...;"Деловые и VIP подарки; Одежда и аксессуары; Корпоративный мерч";Вяжем шарфы, шапки, носки под ваш макет.  Собственное производство. Производим бейсболки под заказ в Китае  Полный цикл от разработки до поставки!
116;D30;ИЛЛАН;FARFORITE, OTVETDESIGN;"Новый год и другие праздники; Оформление и предметы интерьера, декор; Корпоративный мерч";Коммуникационная группа, создающая уникальные решения в брендинге и мерче на стыке корпоративных смыслов, креативных концепций и продакшена
117;D31;Exhaust;;;B2B Exhaust — эксперт в корпоративном мерче.   Мы создаем стильные и качественные брендированные изделия, которые помогают компаниям выделяться.
118;D35;Модерн;;"Одежда и аксессуары; Промотекстиль; Технологии печати и нанесения";Группа компаний «Модерн» с 1993 года ведёт активную деятельность в таком направлении, как производство, пошив футболок и другой трикотажной продукции
119;D36;ЕВРОУПАКОВКА;;"Новый год и другие праздники; Промосувениры; Корпоративный мерч";Производство упаковки для текстиля, производство промосумок, косметичек, систем хранения, чехлов для одежды, мешков для обуви и др.
120;D39;РИНАМУР;Собственная мастерская изделий из кожи;"Деловые и VIP подарки; Новый год и другие праздники; Одежда и аксессуары";Многофункциональные изделия из кожи в деловом стиле ИСКУСНО | ЛАКОНИЧНО
121;D51;Росбраслет;;"Полиграфия и упаковка; Промосувениры; Корпоративный мерч";Производим сувениры из ПВХ: джибитсы, брелоки, браслеты, значки, ремувки, шевроны, а также браслеты для мероприятий: бумажные, тканевые, виниловые.
122;D53;НЬЮ | New Wallet;НЬЮ | New Wallet;"Одежда и аксессуары; Товары для спорта и отдыха; Корпоративный мерч";Мерч, которым пользуются - кошельки, картхолдеры и обложки на паспорт из Тайвека/пляжные и спортивные полотенца из микроволокна с вашими принтами.
123;D54;Лавровская фабрика;;;
124;D56;Сувенирный Гид;;;Отраслевой журнал о бизнес-сувенирах, корпоративных подарках, промопродукции и мерче.
125;D61;"РПК ""Шёлковая Сова""";Шелкография;;Рекламно-производственная компания. Шелкография,тиснение, уф-лакировка.  Пакеты с логотипом - ПВД, бумажные, зипы. Упаковка - тишью, коробочки
126;E02;Модный Дом Нины Ручкиной;;;Модный дом Нины Ручкиной - это эксклюзивная сувенирная продукция, включая платки, шарфы, зонты, блокноты и закладки.
127;E03;ДрессКод;;;
128;E04;Кладовая Сувениров;Кладовая Сувениров;"Деловые и VIP подарки; Новый год и другие праздники; Корпоративный мерч";Авторские проекты в сфере подарочных бизнес-наборов и мерча «под ключ». Индивидуальная разработка подарочных боксов и изделия ручной работы.
129;E06;ЗАО Фирма Мальвина;;;
130;E07;Риол Принт;;;Компания «Риол Принт» – производственная компания полного цикла, занимающаяся производством полиграфической и сувенирной продукции.
131;E08;Цех идей;"""ВКФ"", ""Светоч"", ""Лео"", ""Vista-Artista"", ""Панна""";"Игрушки и хобби; Новый год и другие праздники; Корпоративный мерч";На базе собственных производств предлагаем уникальные решения по производству продукции под вашей торговой маркой,корп.подарков,мерча,промо-товаров
132;E09;Студия подарков Nest;;"Деловые и VIP подарки; Новый год и другие праздники; Корпоративный мерч";Nest — студия корпоративных подарков и мерча. Разрабатываем решения под задачи маркетинга и HR: от идеи до брендирования, упаковки и доставки
133;E10;Наклейки за копейки;NZK;"Ароматы и аромамаркетинг; Косметика и парфюмерия; Полиграфия и упаковка";Производим наклейки, объёмные стикеры и акрил. Ваш логотип получит рельеф и статус! Мерч, который разбирают как сувениры. Приходите трогать!
134;E11;Салитекс;Салитекс;"Одежда и аксессуары; Промотекстиль; Корпоративный мерч";Saliteks - это полиграфическая фабрика. Мы превращаем обычный текстиль в продукт с характером!
135;E12;Лил Пин;LIL PIN;;LIL PIN - российский производитель металлических значков, брелков, медалей и фурнитуры с полным циклом собственного производства.
136;E14;Veselo Games;;"Игрушки и хобби; Новый год и другие праздники; Корпоративный мерч";Бренд веселых настольных игр. Создаем игры под собственным брендом и разрабатываем корпоративные подарки для бизнеса.
137;E16;moremerch;moremerch, 7.2.66;;moremerch создает и производит на собственных производствах премиальный мерч для бизнеса, медиа-проектов, кино, фестивалей и блогеров
138;E18;ФЛ-Сервис;;;
139;E19;ПРИНТФЛАГ;PRINTFLAG;"Промотекстиль; Рекламные конструкции и флаги; Товары для спорта и отдыха";Российский производитель флагов, рекламного текстиля и мерча. 15 лет на рынке, собственное производство в Москве, полный цикл и контроль качества.
140;E20;Спечназ;Спечназ;"Новый год и другие праздники; Промосувениры; Корпоративный мерч";СПЕЧНАЗ — Производство брендированного печенья и пряников с пищевой печатью для бизнеса, выставок и федеральных retail-сетей. Работаем с ЧЗ и HACCP
141;E21;osnovabrand.com;ОСНОВА, Malfini, Payper, Gildan, James Nicholson, Stenso;"Одежда и аксессуары; Товары для спорта и отдыха; Корпоративный мерч";Полный производственный цикл в одном месте: прямой импорт европейских брендов, свое производство и печать в Москве.
142;E22;Запоминать;Memoriz;;Memoriz производит эксклюзивные настольные игры из ценных пород дерева, отличающиеся уникальным качеством и стилем, идеальны для подарка.
143;E25;Цекор Текстиль;ТД Миолар;"Одежда и аксессуары; Промотекстиль; Корпоративный мерч";"Компания ""Цекор-текстиль"" — это надежный производитель и поставщик текстильных изделий, сочетающий в своей работе опыт, технологии и качество."
144;E28;ТД Энергон Рус;Конфеты SCANDIC без сахара в жестяной баночке (tin box) с индивидуальным дизайном;"Гастрономические подарки; Промосувениры; Корпоративный мерч";"Проект СТМ ""Твой БРЕНД"" в компании «ТД Энергон Рус» - производство конфет без сахара в жестяных банках с индивидуальным дизайном"
145;E29;Лаборатория сувениров;;"Деловые и VIP подарки; Наградная продукция; Корпоративный мерч";Тиражное производство наградной и сувенирной продукции из металла по индивидуальному дизайну
146;E30;PrintX;;;
147;E31;DOBRiKA;artiDOBRiKA;;DOBRiKA - это компания, специализирующаяся на производстве 3D-наборов для раскрашивания из дерева.
148;E38;ПроМерч;;"Наградная продукция; Одежда и аксессуары; Корпоративный мерч";ПРО МЕРЧ — производство полного цикла. Разрабатываем дизайн и выпускаем мерч, текстиль и награды. Делаем бренды заметнее, а наших клиентов — успешнее.
149;E40;Ладья;;;
150;E41;Весна;Весна;Игрушки и хобби;Создаем куклы и сувениры на заказ: от рекламных персонажей до корпоративных подарков и игр. Индивидуально, качественно, с душой!
151;E42;Сотэк и РАВ;AD MAGIC;"Деловые и VIP подарки; Промосувениры; Корпоративный мерч";Рекламно-сувенирная продукция со склада в Москве. Электроника и гаджеты, пишущие инструменты, деловые аксессуары, термокружки и многое другое.
152;E43;Аcciaro;;"Деловые и VIP подарки; Наградная продукция; Украшения, ювелирные изделия, наручные часы";С 2018 года, мы создаем эксклюзивные бритвенные станки ручной работы с инициалами владельца , в подарочных шкатулках из дуба
153;E51;Promoline;IM-Leather, BlackOrange;;Компания PROMOLINE на рынке сувенирной и промопродукции с 1998 года. Основные направления: производство аромапродукции и бизнес-аксессуаров из кожи
154;E53;ЛИГА ПЕРВЫХ;ЛИГА ПЕРВЫХ;"Деловые и VIP подарки; Наградная продукция; Корпоративный мерч";Команда единомышленников, которая специализируется на создании премиальных наград для особенных событий и достижений.
155;F01;уникальные сувениры SUVENIRKAWOW;SUVENIRKAWOW;"Деловые и VIP подарки; Промосувениры; Корпоративный мерч";Сувенирка Вау! — уникальные сувениры на 3D-печати, каждый подарок создаётся индивидуально. 👉 https://disk.yandex.ru/i/gCPA6chBGGV4vQ
156;F02;Эко плюс;Эко Плюс;;Оптовые продажи гималайской соли, продажи на маркетплейсах. Производство авторского купажированного чая.
157;F03;Стикер Головного Мозга;;;
158;F04;Формат;;"Деловые и VIP подарки; Полиграфия и упаковка; Корпоративный мерч";Создаем корпоративный мерч и рекламную полиграфию, которые помогают компаниям выделяться, укреплять бренд и производить впечатление.
159;F06;Медалистатуэтки.рф;;;
160;F07;"Студия интерьерного декора ""Волшебство в деталях""";Волшебство в деталях;"Деловые и VIP подарки; Новый год и другие праздники; Оформление и предметы интерьера, декор";Студия интерьерного декора «Волшебство в деталях» - это семейная мастерская, в которой создаются изящные композиции, стильные предметы декора и свечи.
161;F08;Felante;"""Felante""";"Деловые и VIP подарки; Промотекстиль; Корпоративный мерч";FELANTE — производство вязаных шарфов и шапок с логотипом. Разработка эскиза, премиум-пряжа, полный цикл, работа с оптовыми партиями, доставка по РФ.
162;F09;ЯрДар Фабрика Упаковки;;"Деловые и VIP подарки; Новый год и другие праздники; Полиграфия и упаковка";Производим подарочную брендированную упаковку. Разработаем конструкцию под вас.
163;F11;СитиПринт;СитиПринт;;Печать на текстильной и сувенирной продукции.
164;F12;Галантика;;;Три производственных направления: трикотаж, зонты и шелковые платки. Полный цикл производства в  минимальные сроки и тиражи.
165;F14;Ёми-Акрил;iiome.ru;;Изготовление популярного мерча для компаний: акриловые обвесы на телефоны, связки брелоков с паракордом и фурнитура. Собственное производство.
166;F16;ЙО!каталог;Yoliba;"Гастрономические подарки; Промосувениры; Корпоративный мерч";Новый поставщик мерча для рекламных агентств.   Мерч может быть крутым. И мерч, созданный в России, должен ассоциироваться со стилем и качеством.
167;F17;Авокадо Принт;Waterline, Rombica, Evolt, Qjet, US Basic, Parker;;Авокадо принт - это высококачественная визуальная поддержка бизнеса. Мы занимаемся оптовыми поставками бизнес-подарков и рекламной продукции.
168;F19;Верность Качеству;Apriori;Гастрономические подарки;Фабрика «Верность Качеству» — крупный российский производитель кондитерской продукции премиум-класса.
169;F20;Джой Инсайд;;"Деловые и VIP подарки; Новый год и другие праздники; Корпоративный мерч";JOY INSIDE — компания корпоративных подарков и уникального мерча. Создаём стильные брендированные решения для команд, клиентов и мероприятий.
170;F21;МДМпринт;;"POS и POP материалы; Полиграфия и упаковка; Корпоративный мерч";Миссия типографии МДМпринт Мы создаём профессиональные инновационные решения для визуализации идей и эмоций средствами печати, меняя мир вокруг людей.
171;F22;ИнЛев;;"Деловые и VIP подарки; Наградная продукция; Украшения, ювелирные изделия, наручные часы";
172;F23;OOO Айтитроника;Sound Crush;;
173;F24;Три Листа;Три листа, Natty tea, SoloWay, СТМ;;Производитель чая и кофе СТМ. Создание лучших СТМ и индивидуальных чайно-кофейных продуктов. Качество, быстрота, инновации, лучший ROI для партнеров.
174;F25;НовелПак;;"Деловые и VIP подарки; Полиграфия и упаковка; Корпоративный мерч";NovelPack․ Концепт. Дизайн. Упаковка — создаём моменты, которые хочется запомнить․
175;F27;CANDY CANDLE;;;Ароматы - в которые влюбляются с первого вдоха
176;F28;Tako home;Tako Home;"Деловые и VIP подарки; Новый год и другие праздники; Корпоративный мерч";TAKO HOME—мастерская по созданию ароматических свечей и уникальных гипсовых изделий ручной работы для корпоративных подарков и брендированных проектов
177;F30;Айкониколор;;;
178;F31;COM.MINT;Veter, «Это База!», Chrome;"Деловые и VIP подарки; Одежда и аксессуары; Корпоративный мерч";Com.Mint — первое мерч-агентство с высоким эмоциональным интеллектом и студийным подходом.
179;F32;Контэнт;КОНТЭНТ;"Деловые и VIP подарки; Новый год и другие праздники; Офис и канцелярия";КОНТЭНТ– это высококлассная авторская и творческая канцелярия, книги по рукоделию и календари премиум-качества различной тематики.
180;F33;"Швейная фабрика ""Федор Сумкин""";Федор Сумкин;"Одежда и аксессуары; Промотекстиль; Корпоративный мерч";Собственное швейное производство промотекстиля, своя печать. Мощность 10 000 изделий в смену. Срок изготовления от 5 дней.
181;F34;Темамерч;;"Одежда и аксессуары; Промосувениры; Корпоративный мерч";Temamerch - производственная компания полного цикла в сфере корпоративного мерча. Мы верим: каждая деталь имеет значение. Особенно та, что на тебе.
182;F35;Этновуд;;;
183;F40;J.T. Jourba Taller;J.T. Jourba Taller;"Одежда и аксессуары; Офис и канцелярия; Корпоративный мерч";J.T. Jourba Taller - кожевенная мануфактура из Санкт- Петербурга.  Создаем премиальные изделия из натуральной кожи.
184;F41;Текстиль Про;;;
185;F42;Эванта;;;
186;F43;Vivapadel;;;
187;G02;УФ-МАСТЕР;МЕРЧ;"Новый год и другие праздники; Промосувениры; Корпоративный мерч";Компания «УФ-Мастер» — это собственное производство чехлов с принтами для смартфонов.
188;G03;Промосувенир.рф;;;
189;G04;Озоко Сумки;;"Одежда и аксессуары; Товары для спорта и отдыха; Корпоративный мерч";Озоко: пошив сумок, рюкзаков, шопперов с логотипом. Работа с агентствами, мерч и промо. Материалы — тайвек , корд‑флекс, нейлон, www.ozoko.ru
190;G06;Арсенал Атлета;;;
191;G07;Играмир;;;Рекламно-производственный холдинг «Играмир» занимается производством и пошивом оригинальных мягких игрушек на заказ с 2007 года.
192;G08;Гравировкин.рф;Оазис каталог, Проект 111, Happy Gifts, 12twelve, Океан сувениров, Viva gifts, Artegifts;"Промосувениры; Технологии печати и нанесения; Корпоративный мерч";Все виды нанесения - гравировка, тиснение, DTF, уфдтф, сублимация, ложементы, шильдики и таблички
193;G09;Сигналэлектроникс;БЗРП, Сигнал, Эфир, Vikend, ATOMevolution, B52, Funray, Delta+;;«Сигналэлектроникс» - это надежный поставщик потребительской электроники с многолетним опытом. Работать с нашей компанией легко и удобно.
194;G10;Бока Арома;BOCA AROMA;;BOCA — это бренд из Санкт-Петербурга, производящий премиальные предметы интерьера, аромапродукцию и косметику для ухода за телом и волосами.
195;G11;ТВЕЛВ. Подарки и мерч;XD Design, Vinga, Vonmahlen, Xoopar, TREEBON, Pininfarina, Avira, Swiss Peak, Avira, Ukiyo и др.;"Деловые и VIP подарки; Новый год и другие праздники; Корпоративный мерч";Twelve—твой проводник в мир эксклюзивных подарков и мерча.  12 европейских брендов.  Cтильные, современные и функциональные вещи без вреда для планеты
196;G11;Альтер Эго Промоушн;;;
197;G13;Арора Групп;;"Деловые и VIP подарки; Новый год и другие праздники; Корпоративный мерч";Мы производим оригинальные изделия из разных видов кожи
198;G14;Мэгссори;;"Деловые и VIP подарки; Электронные гаджеты; Корпоративный мерч";Magssory — российский бренд премиальных технологичных аксессуаров, создающий единую экосистему для современных устройств.
199;G16;Oxygen Home;;"Ароматы и аромамаркетинг; Косметика и парфюмерия; Корпоративный мерч";Наша компания является производителем ароматов для дома , свечей, текстильных ароматов, гипсовых изделий. Производство у нас расположено в Москве.
200;G18;iqgeek;;;GEEK PUZZLE Brain Fitness - разработка, производство головоломок.
201;G19;ФлагЛайф;;"Одежда и аксессуары; Рекламные конструкции и флаги; Товары для спорта и отдыха";Печать на ткани и пошив изделий под заказ с индивидуальным принтом.
202;G20;Ярко;;;
203;G21;ТароПак;ТароПак;"Новый год и другие праздники; Полиграфия и упаковка; Корпоративный мерч";"Фабрика упаковки ""ТароПак"" - подарочные коробки, корпоративная упаковка, услуги типографии и конструкторское бюро."
204;G22;СКАЙБЛЭЙД;Poker Socks;;Производство носков на заказ
205;G23;video-pack.ru;;"Деловые и VIP подарки; Полиграфия и упаковка; Электронные гаджеты";Компания video-pack.ru занимается производством и продажей премиальных видеобуклетов и полиграфии с LCD и IPS экранами для корпоративных презентаций
206;G24;Knopa;Knopa;"Игрушки и хобби; Одежда и аксессуары; Корпоративный мерч";Производство продукции из пластика, силикона и ткани с разработкой уникального дизайна и конструкций под задачи бизнеса.
207;G25;Mainstream;;;Мы являемся производственным плечом для маркетинга, агентств и креативных команд — превращаем идеи в физические носители смысла и стиля.
208;G26;Экочеловеки;Экочеловеки, Декологика;"Новый год и другие праздники; Оформление и предметы интерьера, декор; Промосувениры";Экочеловеки — бренд авторского фарфора. Создаём предметы интерьера, корпоративные подарки и сувениры. Полный цикл: дизайн, производство, брендирование
209;G27;CORD CUSTOM;CORD;;CORD CUSTOM — трендовые аксессуары из веревок от команды с 10-летним опытом!
210;G28;Шоколадная Фабрика Криолло;Криолло;"Гастрономические подарки; Деловые и VIP подарки; Рекламные и маркетинговые услуги";Шоколадная фабрика «Криолло» - производитель премиальной продукции из бельгийского шоколада.
211;G30;Добродед;;;
212;G31;simple sample;;"Одежда и аксессуары; Промотекстиль; Корпоративный мерч";
213;G32;Bertholth;Bertholth;"Одежда и аксессуары; Промотекстиль; Корпоративный мерч";BERTHOLTH - производственная компания, специализирующаяся на пошиве бейсболок под собственным брендом и на заказ
214;G34;VITAMIN TIME;VITAMIN TIME;"Гастрономические подарки; Деловые и VIP подарки; Новый год и другие праздники";Создаём премиальные гастрономические подарочные наборы из продукции локальных брендов, производим полезные сладости из фруктов и ягод.
215;G35;ШтрихКод Креатива;;"Новый год и другие праздники; Полиграфия и упаковка; Корпоративный мерч";
216;G39;Тепломакс;Домашний очаг, Тепломакс, Самобранка;"Деловые и VIP подарки; Новый год и другие праздники; Корпоративный мерч";Компания ТеплоМакс с 2005 года занимается разработкой и производством инновационных товаров бытового назначения.
217;G40;Мастерская Калейдоскопов;;"Деловые и VIP подарки; Игрушки и хобби; Корпоративный мерч";Первая  мастерская в Великом Новгороде по созданию калейдоскопов.
218;G41;Фабрика 1 Мая;31-12;;Выдуваем стеклянные елочные шары Наносим  логотипы заказчика. Ручная роспись.  Формы на заказ.
219;G42;Хайтрейд;;;
220;H01;Печатня;Печатня;"Деловые и VIP подарки; Полиграфия и упаковка; Промосувениры";«Печатня» - типография полного цикла, специализирующаяся на изготовлении рекламной полиграфии и брендирования сувенирной продукции.
221;H02;!Прод.Арт;Prod.Art;"Новый год и другие праздники; Промосувениры; Корпоративный мерч";Мы - креативная семейка чёрных котиков Prod.Art! 😻 Делаем вкусные и корпоративные подарки, которые дарят эмоции!
222;H03;Fancy Armor;;;Fancy Armor один из ведущих российских производителей аксессуаров для путешествий. Fancy Armor™ - это узнаваемый бренд качественных и стильных аксессу
223;H04;"ООО ""Корвас""";CORVAS;"Одежда и аксессуары; Промотекстиль; Корпоративный мерч";Швейная фабрика «Корвас». Производство на заказ оптом - любых сумок, рюкзаков, шопперов, мешков для сменки, портфелей и других швейных изделий.
224;H05;Лабиринт;нет;"Полиграфия и упаковка; Промосувениры; Корпоративный мерч";РПК «ЛАБИРИНТ» уже 29 лет  на рынке  рекламно-полиграфической продукции.  У нас большой опыт  в  нестандартном подходе к решению поставленных задач.
225;H06;CANDY MOOD;;;
226;H07;Smart Steam;;"Новый год и другие праздники; НХП (Народные художественные промыслы); Корпоративный мерч";Smart Steam™ - это бренд современной бытовой техники по уходу за одеждой.
227;H08;Смарт Бьюти;Предгорья Белухи;;Энергия горного Алтая ждёт вас в каждой чашке ароматного чая и баночке насыщенного мёда с Предгорий Белухи
228;H09;Фабрис;;;Швейное производство полного цикла
229;H10;Арт Дизо;;Полиграфия и упаковка;Art-Dizo — разработка и производство брендированной упаковки для бизнеса. Создаём решения, которые усиливают ценность продукта и бренда с 2009 года
230;H11;Vera Kryzh contemporary aroma decor;Vera Kryzh contemporary aroma decor;;Создаём аромапродукцию премиум-класса для брендов:кастомные решения,корпоративные подарки,натуральные материалы.Работаем на узнаваемость и впечатления
231;H13;JF knit;;"Деловые и VIP подарки; Промотекстиль; Корпоративный мерч";Производство текстильной промо-продукции премиального качества под вашим брендом, большие возможности кастомизации, широкая цветовая гамма.
232;H16;Носи Своё;;"Одежда и аксессуары; Промосувениры; Товары для спорта и отдыха";
233;H19;Московит;Московит;"Деловые и VIP подарки; Наградная продукция; Новый год и другие праздники";«Московит» — московская литейная производственная компания. Занимаемся изготовлением сувенирной, наградной продукции и бижутерии ювелирного качества.
234;H20;Эйбери;Eibery;"Новый год и другие праздники; Промосувениры; Корпоративный мерч";Eibery — российский производитель 3D-стикеров и стикерпаков с полимерной смолой, брелоков и обвесов из акрила и паракорда.
235;H21;11 Candles;11 Candles;"Ароматы и аромамаркетинг; Деловые и VIP подарки; Косметика и парфюмерия";Премиальная аромапродукция и косметика ручной работы для вашего бизнеса, корпоративные подарки
236;H22;POKROVSKY JEWELRY;POKROVSKY JEWELRY;;Производство ювелирных украшений, значков, медалей, сувениров из драгоценных и не драгоценных металлов на заказ.
237;H23;"Фабрика ""Мой Мяч""";;;
238;H24;iChoco;iChoco;;iChoco - российский производитель шоколадных изделий с 2010 года. Производим фигурки ручной работы из бельгийского шоколада к любому празднику.
239;H25;firstlook;;;
240;H26;Граф Тираж;;;
241;H27;Снежный-шар.рф;;"Деловые и VIP подарки; Новый год и другие праздники; Корпоративный мерч";Собственное производство в Москве: снежные шары и другие сувениры.
242;H28;AskAroma;ASK aroma;;ASK aroma изготавливает ароматическую продукцию ручной работы. Выполняет индивидуальные и корпоративные заказы. Создает уникальный аромат для бизнеса.
243;H29;Лоли;LO-LI;;LO-LI – это натуральная дизайнерская карамель без сахара, без ароматизаторов и красителей, без аллергенов и глютена. Уникальный продукт запатентован.
244;H30;Aroma Life Candle;Aroma Life сandle;"Ароматы и аромамаркетинг; Деловые и VIP подарки; Корпоративный мерч";Компания Aroma Life candle является производителем аромапродукции для вашего бизнеса.
245;H31;ProФлаг;;"Одежда и аксессуары; Рекламные конструкции и флаги; Корпоративный мерч";ProФлаг - компания по производству текстильной продукции по эскизам заказчика.
246;H32;Zorca Ceramica;;;
247;H33;ПОТОЛКУЕМ?;ПОТОЛКУЕМ?;;«Потолкуем?» — серия интеллектуально‑разговорных игр: развивают красноречие, юмор, помогают побороть страх публичных выступлений.
248;H34;Правила успеха упаковки;;"Гастрономические подарки; Новый год и другие праздники; Оформление и предметы интерьера, декор";Правила Успеха - Музыкальные шкатулки, шарманки, подарки в наличии и под заказ, любое брендирование Скретч карты мира  в наличии и под заказ
249;H36;Бигнэт;;"Полиграфия и упаковка; Технологии печати и нанесения; Корпоративный мерч";Производство широкоформатной  печати рекламной продукции, наружной и интерьерной.
250;K01;Sonotte;;;
251;K02;Кухня подарков;;;Кухня Подарков - конструкторское бюро по создания корпоративных подарков с логотипом компании. Оригинальные решения, креативный подход.
252;K03;Reinar/gamp;Reinar;;Лучшие яркие и технологичные дождевики пончо и аксессуары из непромокаемых материалов.
253;K05;Portman;Portman, Zinger;"Новый год и другие праздники; Одежда и аксессуары";Portman - идеальные корпоративные или личные подарки из натуральной кожи: изделие, упаковка,полиграфические вложения. Только лучшее.
254;K06;Бахтекс;;;
255;K07;REFUGE;REFUGE;"Ароматы и аромамаркетинг; Оформление и предметы интерьера, декор; Корпоративный мерч";Ручная крафтовая мастерская изделий из гипса, аромапродукции, мерча
256;K08;ИСАКАНО мануфактура;ISAKANO manufacture;"Ароматы и аромамаркетинг; Деловые и VIP подарки; Косметика и парфюмерия";ISAKANO — ароматы и ритуалы, вдохновлённые Крымом: свечи, диффузоры, мисты и травы. Ручная работа, настроения и гармония для дома, бани и SPA.
257;K09;HARDWICK;HARDWICK;"Промотекстиль; Товары для спорта и отдыха; Корпоративный мерч";HARDWICK — российский производитель верёвок, канатов и шнуров. Собственное производство на Урале
258;K10;КУХ;KOOH;"Гастрономические подарки; Деловые и VIP подарки; Новый год и другие праздники";Национальный бренд специй, №1 на Wildberries и Ozon.
259;K11;Сенатор;Hauser;;"Ко ООО ""Си-Би-Эс"" работает на рынке с 1993 года и является эксклюзивным поставщиком торговых марок Senator и Rou Bill (Германия) на территории РФ"
260;K12;FAHRENHEIT 183;FAHRENHEIT 183;"Ароматы и аромамаркетинг; Деловые и VIP подарки; Новый год и другие праздники";"Мастерская свечей и диффузоров ""FAHRENHEIT 183"" следует современным тенденциям и предлагает готовые решения для вашего бизнеса."
261;K13;"""В доме светло""";;"Деловые и VIP подарки; Новый год и другие праздники; Оформление и предметы интерьера, декор";Светильники с индивидуальным дизайном и волшебными иллюстрациями. Производство в Санкт-Петербурге.  Работаем с маленькими тиражами и крупным оптом.
262;K14;4[FOUR]elements;4[FOUR]elements;"Ароматы и аромамаркетинг; Деловые и VIP подарки; Оформление и предметы интерьера, декор";Уникальные изделия интерьера из архитектурного бетона и вулканической лавы.
263;K15;Кузьма;2К, металстикер;;Производство и продажа металлостикеров
264;K16;Кулёк;;;Необычные орешки со специями и записками хорошего настроения.
265;K17;КРИАтив;;;
266;K20;ЕЛИЗАВЕТА;;"Ароматы и аромамаркетинг; Деловые и VIP подарки; Корпоративный мерч";ЕЛИЗАВЕТА - российский бренд ароматической продукции ручной работы. Изготавливаем свечи и диффузоры с 2020 года.
267;K21;Alla.Soap;ALLA.SOAP и COZY.STATE;;Экологичные подарки ручной работы на любой вкус (свечи, косметика,мыло)
268;K22;WKRUGE FARFOR;WKRUGE FARFOR;"Деловые и VIP подарки; Новый год и другие праздники; Оформление и предметы интерьера, декор";Нижегородское фарфоровое производство новогоднего декора, елочных игрушек и уникальных серий фарфоровых изделий, полностью ручной работы.
269;K23;Барометры Смич;;;
270;K24;Труком;;"Деловые и VIP подарки; Новый год и другие праздники; Электронные гаджеты";Российско-китайская рекламно-сувенирная компания.
271;K26;MOMENT №1;MOMENT №1 | Интерьерные ароматы и корпоративные решения;"Ароматы и аромамаркетинг; Деловые и VIP подарки; Оформление и предметы интерьера, декор";Брендированные арома решения и подарочные наборы для клиентов, партнёров и сотрудников. От подбора аромата до готовой концепции под задачи компании
272;K27;Флеш Империя;Светозар / Флеш Империя;"Наградная продукция; Промосувениры; Технологии печати и нанесения";Флеш Империя – профессиональный производитель флеш-накопителей, внешних аккумуляторов и иных сувенирных продуктов с логотипом компании
273;K28;Абаканские Сласти;Абаканские сласти;Гастрономические подарки;Сладкие шедевры ручной работы с настоящим хакасским колоритом! Исключительный подбор натурального сырья от местных производителей, уникальные рецепты!
274;K29;Фабрика Сувениров Тотем;;;
275;K30;"Компания ""АиР""";АиР, ZLADINOX;"Деловые и VIP подарки; Наградная продукция; НХП (Народные художественные промыслы)";Компания «АиР» – лидирующее оружейное предприятие Златоуста, член Гильдии мастеров-оружейников Златоуста.
276;K31;УчМаг;;"Полиграфия и упаковка; Промосувениры; Корпоративный мерч";"ООО ""УчМаг"" производит и поставляет сувенирную продукцию в ведущие спортивные клубы КХЛ, РПЛ, Суперлиги по хоккею с мячом."
277;K32;Чага Тайм;ВРЕМЯ ЧАГИ;;ВРЕМЯ ЧАГИ – является Вологодской производственной компанией чая из чаги в бочонках из настоящего сруба берёзы ручной работы.
278;K33;Руго;;;
279;K34;SIVIL LAB;SIVIL LAB;"Наградная продукция; Полиграфия и упаковка; Промосувениры";Дизайнерские награды с доставкой по всей России.  Собственное производство.  Медали из металла от 94 рублей.  Кубки, статуэтки, брелоки и дипломы.
280;K35;Милано;;;
281;K39;Березка и Сосна;;;"Компания ""Березка и сосна"" - производитель подарочной деревянной упаковки, наградной и сувенирной продукции. Контрактное производство по ТЗ заказчика."
282;K62;АБВГДЕЙКА;;;
283;;Легкая промышленность. Курьер, журнал;;Партнеры и медиа;«Легкая промышленность. КУРЬЕР» - специализированный журнал для все, кто имеет отношение к текстильной и легкой промышленности.
284;;Это Любовь;;;
285;;ProSticker;;;
286;С06;Легенда Принт;;;Производим корпоративные сувениры, награды и мерч. От креативной идеи до готового тиража 2-3 дня. До 1500 единиц в день. Отправка по всей России.
287;С18;РУССКОМ;УФ и УФ ДТФ-принтеры G!Digital;"Промосувениры; Технологии печати и нанесения; Корпоративный мерч";ГК «РУССКОМ» более 30 лет поставляет печатное и постпечатное оборудование для производства и брендирования рекламно-сувенирной продукции.
288;С24;Эксперт;;"Полиграфия и упаковка; Промотекстиль; Технологии печати и нанесения";Мы специализируемся на флексопечати и обеспечиваем высококачественную печать на любых типах рулонных материалов, гарантируя точность и надёжность.
289;С25;Смол Тойс;;;
290;С26;Русфлаг;;;Текстильно-производственная компания полного цикла. Оптовые поставки брендированных текстильных изделий для рекламы, спорта и промо-мероприятий
291;С37;ПСП Принт;;"Полиграфия и упаковка; Промосувениры; Корпоративный мерч";ПСП-Принт — профессиональная типография  полного цикла с 20-летним опытом.
292;С52;МАГИК ВЭЙ;CoolCleaner;;We produce an exclusive souvenir for the most used gadget in everyone's hands. This is a napkin sticker with a logo for the smartphone screen.
293;С53;Епресс;;;
